{
  "experiment_metadata": {
    "episodes": 15,
    "timesteps_per_episode": 20,
    "total_timesteps": 300,
    "timestamp": "2025-11-27T14:03:47.112070"
  },
  "performance_metrics": {
    "episode_rewards": [
      106,
      144,
      76,
      102,
      91,
      108,
      85,
      46,
      16,
      -5,
      -13,
      -9,
      -11,
      -18,
      -16
    ],
    "epsilon_decay": [
      1.0,
      0.9558895783575597,
      0.8647077305675338,
      0.7822236754458713,
      0.7076077347272662,
      0.6401093727576664,
      0.5790496471185967,
      0.5238143793828016,
      0.4738479773082268,
      0.4286478463299511,
      0.3877593341372176,
      0.3507711574848344,
      0.3173112652388396,
      0.28704309604425327,
      0.25966219297210513
    ],
    "detection_rates": [
      0.6,
      0.8,
      0.45,
      0.6,
      0.55,
      0.65,
      0.45,
      0.25,
      0.1,
      0.05,
      0.0,
      0.0,
      0.0,
      0.0,
      0.0
    ],
    "action_distribution": {
      "stop": 112,
      "ssh": 103,
      "web": 85
    },
    "average_reward": 46.8,
    "learning_improvement": -123.66666666666667
  },
  "research_validation": {
    "autonomous_operation": true,
    "learning_demonstrated": true,
    "adaptation_shown": 